mysql> SELECT id, addressBookId, firstName, lastName, birthday, type, subtype, contentLineOne FROM Entry;                            
+----+---------------+-----------+-----------+---------------------+-------+---------+----------------+
| id | addressBookId | firstName | lastName  | birthday            | type  | subtype | contentLineOne |
+----+---------------+-----------+-----------+---------------------+-------+---------+----------------+
|  1 |             1 | Marie     | Godon     | 1991-12-19 00:00:00 | home  | phone   | some address   |
|  2 |             2 | David     | Ek        | 1991-12-12 00:00:00 | work  |         | blah           |
|  3 |            56 | Steph     | Letellier | 1984-08-10 00:00:00 | other | email   | content        |
+----+---------------+-----------+-----------+---------------------+-------+---------+----------------+
3 rows in set (0.00 sec)

mysql> SELECT * FROM Account;
+----+-------------+----------------+---------------------+---------------------+
| id | email       | password       | createdOn           | modifiedOn          |
+----+-------------+----------------+---------------------+---------------------+
|  3 | m@gmail.com | secretpassword | 2014-11-11 00:00:00 | 2015-11-12 00:00:00 |
+----+-------------+----------------+---------------------+---------------------+
1 row in set (0.00 sec)

mysql> SELECT * FROM AddressBook;
+----+-----------+-------+---------------------+---------------------+
| id | accountId | name  | createdOn           | modifiedOn          |
+----+-----------+-------+---------------------+---------------------+
|  1 |         3 | Marie | 2012-03-12 00:00:00 | 2012-04-12 00:00:00 |
+----+-----------+-------+---------------------+---------------------+
1 row in set (0.00 sec)
