mysql> SELECT COUNT(*) AS "Entries Born Before Feb 12 1982" FROM Entry WHERE birthday < "1982-02-12";
+---------------------------------+
| Entries Born Before Feb 12 1982 |
+---------------------------------+
|                            2687 |
+---------------------------------+
1 row in set (0.01 sec)

mysql> SELECT COUNT(*) AS "Entries Born On or After Jan 1 1965" FROM Entry WHERE birthday >= "1965-01-01";
+-------------------------------------+
| Entries Born On or After Jan 1 1965 |
+-------------------------------------+
|                                2597 |
+-------------------------------------+
1 row in set (0.00 sec)

mysql> SELECT firstName, lastName, birthday FROM Entry ORDER BY birthday ASC LIMIT 1;
+-----------+----------+---------------------+
| firstName | lastName | birthday            |
+-----------+----------+---------------------+
| Abigail   | Rollins  | 1945-09-02 09:21:58 |
+-----------+----------+---------------------+
1 row in set (0.00 sec)

OR

mysql> SET @minage := (SELECT MIN(birthday) FROM Entry);
Query OK, 0 rows affected (0.00 sec)

mysql> SELECT firstName, lastName, birthday  FROM Entry WHERE birthday = @minage;                                                       
+-----------+----------+---------------------+
| firstName | lastName | birthday            |
+-----------+----------+---------------------+
| Abigail   | Rollins  | 1945-09-02 09:21:58 |
+-----------+----------+---------------------+
1 row in set (0.00 sec)

OR 

mysql> SELECT firstName, lastName, birthday FROM Entry WHERE birthday = (SELECT MIN(birthday) FROM Entry);                              
+-----------+----------+---------------------+
| firstName | lastName | birthday            |
+-----------+----------+---------------------+
| Abigail   | Rollins  | 1945-09-02 09:21:58 |
+-----------+----------+---------------------+
1 row in set (0.00 sec)